category,count,proportion
Failure (0),6437,0.47327402396882584
Success (1),7164,0.5267259760311742
