statistic,value
valid size,13062.0
mean,68.55017225539733
median,65.32
sd,16.990867805060443
min,34.47
Q1,56.7
Q3,77.11
max,180.99
Missing  or invalid,979.0
