metric,value
Q1,56.7
Q3,77.11
IQR,20.409999999999997
Lower fence,26.085000000000008
Upper fence,107.725
Outlier count,447.0
