WhatIsYourSex,count,success_proportion
1.0,6853,0.5069312709762148
2.0,6736,0.5469121140142518
