WhatIsYourSex,count,mean,median,std
1.0,6490,62.417295839753464,58.97,14.16377785586362
2.0,6572,74.60652769324406,70.76,17.37463190428676
