analysis,variable,estimate,benchmark,test_statistic,p_value,ci_low,ci_high,decision_5pct
Population proportion,EverCigaretteUse,0.5267259760311742,0.5,6.2337443923638185,4.554159271918934e-10,0.51832865637878,0.5351082030069391,reject H0
Population mean,HowMuchDoYouWeighWithoutShoesInKG,68.55017225539733,68.0,3.7007348028273093,0.00021585922352035652,68.25876587253137,68.84157863826329,reject H0
